question,ground_truth,evolution_type,contexts,answer,faithfulness,answer_relevancy,context_precision,context_recall
What is the retention period for financial documents?,Financial documents should be retained for 7 years according to regulation.,simple,"[""[Context from knowledge base: Financial documents should be retained for 7 years according to regulation....]""]","The retention period for financial documents typically ranges from 3 to 7 years, depending on the type of document and regulatory requirements. For example, the IRS requires tax records to be kept for at least 3 years, while some states may have longer requirements. Always check specific regulations applicable to your jurisdiction and industry.",0.6516,0.7881,0.6785,0.7152
How does RAG improve answer quality?,RAG combines retrieval with generation to provide context-grounded answers.,simple,"[""[Context from knowledge base: RAG combines retrieval with generation to provide context-grounded answers....]""]","RAG (Retrieval-Augmented Generation) improves answer quality by combining the strengths of information retrieval and natural language generation. It retrieves relevant documents or data to provide contextually accurate and up-to-date information, enhancing the relevance and precision of generated responses. This approach helps in addressing specific queries more effectively than using generative models alone.",0.65,0.7,0.55,0.6677
What are the customer onboarding requirements?,KYC requires identity verification and address confirmation.,simple,"[""[Context from knowledge base: KYC requires identity verification and address confirmation....]""]","Customer onboarding requirements typically include verifying the customer's identity through government-issued identification, collecting personal information such as name, address, and date of birth, and assessing the customer's risk profile for compliance with anti-money laundering (AML) regulations. Financial institutions may also require proof of address and information about the source of funds. Additionally, institutions must comply with Know Your Customer (KYC) regulations during the onboarding process.",0.65,0.7,0.55,0.6726
What is the minimum credit score for loan approval?,Minimum credit score is 650 for standard loan approval.,simple,"[""[Context from knowledge base: Minimum credit score is 650 for standard loan approval....]""]","The minimum credit score for loan approval varies by lender and loan type, but generally, a score of 620 is considered the minimum for conventional loans. FHA loans may allow scores as low as 580 with a 3.5% down payment. Always check with specific lenders for their requirements.",0.8415,0.7985,0.6621,0.7533
How often must compliance reports be filed?,Compliance reports must be filed quarterly.,simple,"[""[Context from knowledge base: Compliance reports must be filed quarterly....]""]","The frequency of compliance report filings varies by jurisdiction and regulatory requirements, but many financial institutions are required to file reports quarterly or annually. Specific timelines can depend on the type of compliance obligations, such as anti-money laundering (AML) or consumer protection regulations. Always refer to the relevant regulatory authority for precise requirements.",0.65,0.7,0.55,0.6
What is the interest rate for savings accounts?,Savings account rate is 5.5% annually.,simple,"[""[Context from knowledge base: Savings account rate is 5.5% annually....]""]","Interest rates for savings accounts vary by bank and can change frequently. As of October 2023, typical rates range from 0.01% to 4.00% APY, depending on the institution and account type. It's best to check with specific banks for their current rates.",0.65,0.7,0.55,0.6
Who approves new customer accounts?,New customer accounts are approved by the compliance team.,simple,"[""[Context from knowledge base: New customer accounts are approved by the compliance team....]""]","New customer accounts are typically approved by the bank's compliance department or account opening team, following established procedures that include identity verification and risk assessment. In some cases, senior management may also be involved in approving accounts for high-risk customers.",0.95,0.95,0.8888,0.95
What documents are required for loan application?,"ID, income proof, bank statements, and collateral documents.",simple,"[""[Context from knowledge base: ID, income proof, bank statements, and collateral documents....]""]","Common documents required for a loan application include proof of identity (such as a government-issued ID), proof of income (like pay stubs or tax returns), credit history, and details of assets and liabilities. Additional documents may be needed depending on the type of loan and lender requirements. Always check with the specific lender for their exact documentation requirements.",0.65,0.7,0.55,0.6
When is the annual compliance audit conducted?,Annual compliance audit is conducted in Q4 each year.,simple,"[""[Context from knowledge base: Annual compliance audit is conducted in Q4 each year....]""]",The annual compliance audit is typically conducted at the end of the fiscal year or as specified by regulatory requirements. The exact timing can vary based on the organization's policies and the specific regulations applicable to the industry. It's essential to check the organization's compliance calendar for precise dates.,0.65,0.7979,0.747,0.7672
What is the maximum loan amount for personal loans?,"Maximum personal loan amount is $500,000.",simple,"[""[Context from knowledge base: Maximum personal loan amount is $500,000....]""]","The maximum loan amount for personal loans typically ranges from $1,000 to $100,000, depending on the lender, the borrower's creditworthiness, and income. Some lenders may offer higher amounts for qualified borrowers. Always check with specific lenders for their limits.",0.7624,0.7813,0.7877,0.8047
What is the fixed deposit rate for 1-year term?,Fixed deposit rate for 1-year term is 7.2%.,simple,"[""[Context from knowledge base: Fixed deposit rate for 1-year term is 7.2%....]""]","Fixed deposit rates for a 1-year term vary by bank and can change frequently. As of October 2023, rates typically range from 3% to 6% annually, depending on the financial institution and market conditions. It's best to check with specific banks for their current rates.",0.6933,0.7993,0.5836,0.8569
How to report a security incident?,Security incidents should be reported via the incident management portal within 24 hours.,simple,"[""[Context from knowledge base: Security incidents should be reported via the incident management portal within ...]""]","To report a security incident, contact your organization's designated security team or help desk immediately. Provide detailed information about the incident, including what occurred, when it happened, and any relevant evidence. Follow your organization's incident response procedures for further actions.",0.65,0.7,0.55,0.6
What is the data breach notification timeline?,Data breaches must be reported within 72 hours.,simple,"[""[Context from knowledge base: Data breaches must be reported within 72 hours....]""]","The data breach notification timeline varies by jurisdiction, but generally, organizations must notify affected individuals and relevant authorities within a specific timeframe, often within 30 to 72 hours of discovering the breach. In the U.S., state laws dictate the specific requirements, while the GDPR mandates notification within 72 hours for breaches involving personal data. Always check local regulations for precise timelines.",0.757,0.7527,0.8174,0.83
Who is the data protection officer?,The DPO is appointed by the board and reports directly to compliance.,simple,"[""[Context from knowledge base: The DPO is appointed by the board and reports directly to compliance....]""]","The Data Protection Officer (DPO) is an individual appointed by an organization to oversee data protection strategies and ensure compliance with data protection laws, such as the GDPR. The DPO serves as a point of contact for data subjects and regulatory authorities regarding data privacy matters. The specific person or role designated as DPO varies by organization.",0.8273,0.8706,0.7358,0.8707
What is the password policy requirement?,Passwords must be 12+ characters with complexity requirements.,simple,"[""[Context from knowledge base: Passwords must be 12+ characters with complexity requirements....]""]","Password policy requirements typically include a minimum length (often 8-12 characters), a mix of uppercase and lowercase letters, numbers, and special characters. Policies may also require regular password changes and prohibit the use of easily guessable information. Specific requirements can vary by institution and regulatory guidelines.",0.65,0.7,0.55,0.6
How often must security training be completed?,Security training must be completed annually.,simple,"[""[Context from knowledge base: Security training must be completed annually....]""]","Security training frequency varies by organization and regulatory requirements, but it is commonly recommended to be conducted annually. Some industries may require more frequent training, such as semi-annually or quarterly, depending on risk assessments and compliance standards. Always check specific regulatory guidelines applicable to your organization.",0.775,0.8074,0.8239,0.788
What is the customer service hours?,Customer service is available 24/7 via phone and email.,simple,"[""[Context from knowledge base: Customer service is available 24/7 via phone and email....]""]","Customer service hours vary by bank, but most typically operate Monday to Friday from 8 AM to 8 PM and Saturday from 9 AM to 1 PM. It's best to check the specific bank's website or contact them directly for exact hours.",0.65,0.7,0.55,0.6
What is the transaction limit for online transfers?,"Online transfer limit is $10,000 per transaction.",simple,"[""[Context from knowledge base: Online transfer limit is $10,000 per transaction....]""]","Transaction limits for online transfers vary by bank and account type. Generally, limits can range from a few hundred to several thousand dollars per transaction. It's best to check with your specific bank for their policies.",0.65,0.7,0.5716,0.6
What is the loan processing time?,Loan processing takes 5-7 business days.,simple,"[""[Context from knowledge base: Loan processing takes 5-7 business days....]""]","Loan processing time can vary widely depending on the type of loan, lender, and borrower circumstances, but it typically ranges from a few days to several weeks. For example, personal loans may take 1-7 days, while mortgages can take 30-45 days or longer. Always check with the specific lender for their estimated timelines.",0.65,0.7,0.55,0.6
What is the minimum deposit for savings account?,Minimum deposit is $100.,simple,"[""[Context from knowledge base: Minimum deposit is $100....]""]","The minimum deposit for a savings account varies by bank and account type, typically ranging from $0 to $100. It's best to check with the specific bank for their requirements.",0.9157,0.8611,0.7896,0.8232
Compare interest rates between savings and fixed deposit products?,"Savings account rate is 5.5%, fixed deposit 7.2%.",multi_context,"[""[Context from knowledge base: Savings account rate is 5.5%, fixed deposit 7.2%....]""]","Savings account interest rates are typically lower than fixed deposit (FD) rates. While savings accounts offer liquidity and flexibility, FDs provide higher returns in exchange for locking in funds for a specified term. The exact rates can vary by bank and market conditions.",0.6795,0.7,0.55,0.6
What are the differences in KYC requirements for personal vs business accounts?,Personal accounts require ID and address; business accounts additionally require registration and tax documents.,multi_context,"[""[Context from knowledge base: Personal accounts require ID and address; business accounts additionally require...]""]","KYC requirements for personal accounts typically involve verifying the individual's identity through government-issued ID and proof of address. For business accounts, KYC includes verifying the business's legal structure, ownership, and control, along with the identities of beneficial owners and key management personnel. Additionally, businesses may require more extensive documentation, such as articles of incorporation and tax identification numbers.",0.733,0.7851,0.7688,0.8139
How does loan eligibility differ between personal and business loans?,Personal loans require credit score 650+; business loans require financial statements and business plan.,multi_context,"[""[Context from knowledge base: Personal loans require credit score 650+; business loans require financial state...]""]","Loan eligibility for personal loans typically considers an individual's credit score, income, and debt-to-income ratio, while business loans assess the business's creditworthiness, revenue, and financial history. Personal loans are often unsecured, whereas business loans may require collateral. Additionally, business loans may have more stringent requirements due to the perceived risk associated with business ventures.",0.8194,0.8072,0.6163,0.829
Compare data retention policies for customer vs transaction records?,Customer records: 7 years; transaction records: 10 years.,multi_context,"[""[Context from knowledge base: Customer records: 7 years; transaction records: 10 years....]""]","Data retention policies for customer records typically require retention for a longer period, often ranging from 5 to 10 years, to comply with regulations like KYC (Know Your Customer). Transaction records are usually retained for a shorter duration, often around 5 years, to meet anti-money laundering (AML) regulations. Specific retention periods can vary by jurisdiction and institution.",0.65,0.7,0.5713,0.6
What are the compliance requirements for both digital and physical document storage?,"Both require encryption, access logs, and annual audit. Digital requires additional access controls.",multi_context,"[""[Context from knowledge base: Both require encryption, access logs, and annual audit. Digital requires additio...]""]","Compliance requirements for document storage typically include adherence to regulations such as the General Data Protection Regulation (GDPR) for personal data, the Sarbanes-Oxley Act for financial records, and the Health Insurance Portability and Accountability Act (HIPAA) for health information. Organizations must ensure secure storage, proper access controls, and retention policies that dictate how long documents are kept. Additionally, regular audits and risk assessments are often required to ensure compliance with these regulations.",0.65,0.7,0.55,0.6
How do security incident procedures differ between IT and physical breaches?,IT breaches require 72-hour notification; physical breaches require immediate lockdown and police report.,multi_context,"[""[Context from knowledge base: IT breaches require 72-hour notification; physical breaches require immediate lo...]""]","Security incident procedures for IT breaches typically focus on digital forensics, data recovery, and cybersecurity measures, while physical breaches emphasize securing the premises, assessing physical damage, and ensuring personnel safety. Both require incident reporting and compliance with regulatory requirements, but the specific response actions and teams involved differ based on the nature of the breach. Coordination between IT and physical security teams is essential for comprehensive incident management.",0.65,0.7,0.55,0.6063
Compare the onboarding process for retail vs corporate banking customers?,Retail: ID + address proof. Corporate: registration + financials + authorized signatories.,multi_context,"[""[Context from knowledge base: Retail: ID + address proof. Corporate: registration + financials + authorized si...]""]","The onboarding process for retail banking customers typically involves simpler procedures, such as identity verification and account setup, often completed online or in-branch. In contrast, corporate banking onboarding is more complex, requiring detailed documentation, credit assessments, and compliance checks tailored to the business's financial needs and regulatory requirements. Additionally, corporate clients may undergo enhanced due diligence due to higher risks associated with business activities.",0.65,0.7,0.55,0.6
What are the differences in loan terms between mortgage and personal loans?,"Mortgage: up to 30 years, lower rate. Personal: up to 7 years, higher rate.",multi_context,"[""[Context from knowledge base: Mortgage: up to 30 years, lower rate. Personal: up to 7 years, higher rate....]""]","Mortgage loans typically have longer terms, ranging from 15 to 30 years, and are secured by the property being financed. Personal loans usually have shorter terms, often between 1 to 7 years, and are typically unsecured, meaning they do not require collateral. Additionally, mortgage loans generally have lower interest rates compared to personal loans due to the collateral involved.",0.65,0.7,0.55,0.6
How do audit requirements differ for quarterly vs annual reviews?,Quarterly: internal review of key metrics. Annual: external audit of all processes.,multi_context,"[""[Context from knowledge base: Quarterly: internal review of key metrics. Annual: external audit of all process...]""]","Quarterly reviews typically involve less extensive procedures than annual audits, focusing on interim financial statements and limited assurance. Annual audits require a comprehensive examination of financial statements, internal controls, and compliance with accounting standards, resulting in a higher level of assurance. Additionally, annual audits often include a more detailed report and management letter.",0.65,0.7,0.55,0.6
Compare fraud prevention measures for online vs branch transactions?,Online: 2FA + behavioral analysis. Branch: ID verification + biometric confirmation.,multi_context,"[""[Context from knowledge base: Online: 2FA + behavioral analysis. Branch: ID verification + biometric confirmat...]""]","Online fraud prevention measures often include multi-factor authentication, real-time transaction monitoring, and encryption technologies. In contrast, branch transactions typically rely on identity verification through physical documents, teller training, and surveillance systems. Both methods aim to detect and prevent fraudulent activities, but the techniques and technologies used differ due to the nature of the transactions.",0.65,0.7,0.55,0.6
What changed in the latest policy update compared to the previous version?,Policy v2.3 adds new compliance requirements for data handling and extends retention period.,reasoning,"[""[Context from knowledge base: Policy v2.3 adds new compliance requirements for data handling and extends reten...]""]","To provide an accurate answer, I would need specific details about the policy in question, as updates can vary widely across different banks and compliance regulations. Please specify the policy or area you are referring to.",0.65,0.7,0.55,0.6
Why might a loan application be rejected despite meeting minimum credit score?,"Rejection could be due to insufficient income, high debt-to-income ratio, or incomplete documentation.",reasoning,"[""[Context from knowledge base: Rejection could be due to insufficient income, high debt-to-income ratio, or inc...]""]","A loan application may be rejected despite meeting the minimum credit score due to factors such as insufficient income, high debt-to-income ratio, lack of employment stability, or negative credit history elements like recent delinquencies or bankruptcies. Additionally, the lender's specific underwriting criteria and risk assessment policies can also influence the decision.",0.7765,0.8564,0.8468,0.9145
What is the relationship between compliance requirements and data retention policies?,Compliance requirements dictate minimum retention periods; longer retention may be needed for audit purposes.,reasoning,"[""[Context from knowledge base: Compliance requirements dictate minimum retention periods; longer retention may ...]""]",Compliance requirements often dictate the duration and manner in which organizations must retain data to meet legal and regulatory obligations. Data retention policies must align with these requirements to ensure that necessary records are kept for the specified timeframes while also addressing privacy and security concerns. Failure to comply can result in legal penalties and operational risks.,0.65,0.7,0.55,0.6
"If a data breach occurs, what is the full incident response process?",1) Contain breach 2) Assess scope 3) Notify authorities within 72h 4) Notify affected parties 5) Remediate,reasoning,"[""[Context from knowledge base: 1) Contain breach 2) Assess scope 3) Notify authorities within 72h 4) Notify aff...]""]","The full incident response process typically includes five key steps: preparation (developing a response plan and training staff), identification (detecting and confirming the breach), containment (limiting the breach's impact), eradication (removing the cause of the breach), and recovery (restoring systems and data while monitoring for further issues). Additionally, post-incident analysis is crucial for improving future responses and compliance with legal obligations. Organizations may also need to notify affected parties and regulatory bodies as required by law.",0.65,0.7,0.55,0.6
How does the interest rate affect loan eligibility calculations?,"Higher rates increase monthly payments, reducing the maximum loan amount eligible borrowers can afford.",reasoning,"[""[Context from knowledge base: Higher rates increase monthly payments, reducing the maximum loan amount eligibl...]""]","Interest rates directly impact loan eligibility calculations by influencing the monthly payment amount. Higher interest rates increase monthly payments, which can reduce the borrower's debt-to-income ratio, potentially making it harder to qualify for a loan. Conversely, lower interest rates decrease monthly payments, improving eligibility prospects.",0.6992,0.7769,0.6123,0.8158
What factors determine whether a customer qualifies for premium banking services?,"Income threshold, account balance, credit history, and product usage determine premium eligibility.",reasoning,"[""[Context from knowledge base: Income threshold, account balance, credit history, and product usage determine p...]""]","Factors that determine qualification for premium banking services typically include the customer's income level, total assets under management, banking relationship duration, and creditworthiness. Additionally, some banks may consider the customer's transaction volume and overall financial behavior. Each bank may have its own specific criteria for premium services.",0.65,0.7,0.55,0.6
How would you assess the risk profile of a new business loan applicant?,"Assess credit history, financial statements, industry risk, collateral value, and business plan viability.",reasoning,"[""[Context from knowledge base: Assess credit history, financial statements, industry risk, collateral value, an...]""]","To assess the risk profile of a new business loan applicant, evaluate their credit history, financial statements (including cash flow, profit and loss, and balance sheet), and business plan. Additionally, consider industry risk, management experience, and economic conditions. Conducting a thorough due diligence process, including background checks and market analysis, is also essential.",0.7081,0.7209,0.7178,0.7659
What impact would a policy change in data retention have on compliance reporting?,Extended retention increases storage costs but improves audit readiness; shorter retention may violate regulations.,reasoning,"[""[Context from knowledge base: Extended retention increases storage costs but improves audit readiness; shorter...]""]","A policy change in data retention could affect compliance reporting by altering the availability of historical data required for audits and regulatory reviews. Shorter retention periods may lead to gaps in data that could hinder the ability to demonstrate compliance with regulations. Conversely, longer retention could enhance compliance but may increase storage costs and privacy concerns.",0.65,0.7,0.7155,0.6364
How does the customer onboarding process affect subsequent compliance monitoring?,Thorough onboarding provides baseline data for ongoing monitoring; gaps create compliance blind spots.,reasoning,"[""[Context from knowledge base: Thorough onboarding provides baseline data for ongoing monitoring; gaps create c...]""]","The customer onboarding process establishes the foundational data and risk profiles that are critical for ongoing compliance monitoring. Effective onboarding includes thorough due diligence and risk assessments, which help identify potential compliance issues early. This initial information is used to inform transaction monitoring, reporting, and overall compliance strategies throughout the customer relationship.",0.65,0.7,0.658,0.6
What would be the root cause analysis for a spike in loan defaults?,"Analyze economic conditions, credit scoring model accuracy, underwriting standards, and borrower demographics.",reasoning,"[""[Context from knowledge base: Analyze economic conditions, credit scoring model accuracy, underwriting standar...]""]","A root cause analysis for a spike in loan defaults may identify factors such as economic downturns leading to job losses, inadequate borrower credit assessments, or changes in lending policies. Additionally, external factors like rising interest rates or increased living costs can contribute. Analyzing borrower demographics and loan terms may also reveal underlying issues.",0.65,0.7,0.55,0.6
What is the penalty for late compliance filing?,"Late filing incurs a $10,000 fine per occurrence.",simple,"[""[Context from knowledge base: Late filing incurs a $10,000 fine per occurrence....]""]","The penalty for late compliance filing can vary depending on the specific regulations or laws governing the filing. Generally, penalties may include fines, interest on unpaid amounts, or additional fees. For example, in the context of tax filings in the U.S., the IRS may impose a failure-to-file penalty, which is typically a percentage of the unpaid tax for each month the return is late. It is important to refer to the specific guidelines of the relevant authority to determine the exact penalties applicable to a particular situation.",0.65,0.7,0.55,0.6
How does the risk rating system categorize customers?,"Customers are rated low, medium, or high risk based on transaction patterns and history.",simple,"[""[Context from knowledge base: Customers are rated low, medium, or high risk based on transaction patterns and ...]""]","The risk rating system typically categorizes customers based on factors such as:

1. **Credit History**: Past borrowing behavior and repayment patterns.
2. **Financial Stability**: Income, assets, and overall financial health.
3. **Transaction Behavior**: Frequency and nature of transactions.
4. **Industry Risk**: The risk associated with the customer's industry or sector.
5. **Geographic Risk**: The risk based on the customer's location and associated economic conditions.
6. **Regulatory Compliance**: Adherence to relevant laws and regulations.

Customers are often classified into categories such as low, medium, or high risk, which helps organizations manage exposure and tailor their services accordingly.",0.7778,0.9396,0.7445,0.8016
What is the relationship between KYC and AML procedures?,KYC identifies customers; AML monitors their transactions for suspicious activity.,reasoning,"[""[Context from knowledge base: KYC identifies customers; AML monitors their transactions for suspicious activit...]""]","KYC (Know Your Customer) and AML (Anti-Money Laundering) procedures are closely related components of financial regulation aimed at preventing fraud and illicit activities. KYC involves verifying the identity of customers to ensure they are who they claim to be, while AML encompasses a broader set of practices designed to detect and prevent money laundering and other financial crimes. KYC is often a critical part of AML efforts, as accurate customer identification is essential for effective monitoring and reporting of suspicious activities.",0.65,0.7,0.55,0.6
What would trigger an enhanced due diligence review?,"High-value transactions, PEP status, or unusual activity patterns trigger EDD.",reasoning,"[""[Context from knowledge base: High-value transactions, PEP status, or unusual activity patterns trigger EDD....]""]","An enhanced due diligence (EDD) review may be triggered by several factors, including:

1. **High-risk jurisdictions**: Transactions involving countries with high levels of corruption, money laundering, or terrorism financing.
2. **Politically exposed persons (PEPs)**: Individuals in prominent public positions or their close associates and family members.
3. **Unusual transaction patterns**: Transactions that deviate significantly from a customer's normal behavior or profile.
4. **Complex ownership structures**: Entities with opaque or convoluted ownership that makes it difficult to identify beneficial owners.
5. **Negative media reports**: Associations with adverse news related to financial crimes or regulatory issues.
6. **High-value transactions**: Large transactions that may pose a higher risk of illicit activity.
7. **New or unverified customers**: Clients with limited background information or those who are newly onboarded without sufficient verification.

These factors help institutions assess and mitigate potential risks associated with their clients and transactions.",0.65,0.7,0.55,0.6
Compare the regulatory requirements for domestic vs international wire transfers?,Domestic: basic verification. International: additional sanctions screening and source of funds documentation.,multi_context,"[""[Context from knowledge base: Domestic: basic verification. International: additional sanctions screening and ...]""]","Regulatory requirements for domestic and international wire transfers differ primarily in terms of compliance, reporting, and anti-money laundering (AML) measures:

1. **Domestic Wire Transfers:**
   - **Regulatory Body:** Governed by the Federal Reserve and the Office of the Comptroller of the Currency (OCC) in the U.S.
   - **Compliance:** Must comply with the Bank Secrecy Act (BSA) and related AML regulations.
   - **Reporting:** Financial institutions must report transactions over $10,000 and suspicious activities.
   - **Consumer Protection:** Subject to the Electronic Fund Transfer Act (EFTA), which provides certain consumer protections.

2. **International Wire Transfers:**
   - **Regulatory Body:** Subject to both domestic regulations and international standards, such as those set by the Financial Action Task Force (FATF).
   - **Compliance:** Must adhere to the BSA, AML regulations, and Office of Foreign Assets Control (OFAC) sanctions.
   -",0.65,0.7,0.55,0.6
How do data protection requirements affect customer onboarding timelines?,"Data protection adds consent and privacy notice steps, extending onboarding by 1-2 days.",reasoning,"[""[Context from knowledge base: Data protection adds consent and privacy notice steps, extending onboarding by 1...]""]","Data protection requirements can significantly affect customer onboarding timelines in several ways:

1. **Verification Processes**: Compliance with regulations like GDPR or CCPA often necessitates thorough identity verification, which can lengthen onboarding.

2. **Data Collection**: Organizations must ensure they collect only necessary data and obtain explicit consent, which can add steps to the onboarding process.

3. **Privacy Policies**: Customers may need to review and accept privacy policies, which can introduce delays if not streamlined.

4. **Training and Compliance**: Staff must be trained on data protection protocols, potentially slowing down the onboarding process if not adequately prepared.

5. **Technical Integration**: Implementing secure systems for data handling and storage can require additional time and resources.

Overall, while necessary for protecting customer data, these requirements can lead to longer onboarding timelines.",0.65,0.7,0.5658,0.6101
What are the operational risk implications of different customer authentication methods?,Password-only has highest risk; biometric has lowest but highest implementation cost.,reasoning,"[""[Context from knowledge base: Password-only has highest risk; biometric has lowest but highest implementation ...]""]","Different customer authentication methods carry various operational risk implications:

1. **Password-Based Authentication**:
   - **Risks**: Vulnerable to phishing, brute force attacks, and credential theft.
   - **Mitigation**: Requires strong password policies and user education.

2. **Two-Factor Authentication (2FA)**:
   - **Risks**: Can be bypassed through SIM swapping or social engineering.
   - **Mitigation**: Use of hardware tokens or authenticator apps increases security.

3. **Biometric Authentication**:
   - **Risks**: Potential for false positives/negatives, privacy concerns, and data breaches.
   - **Mitigation**: Secure storage of biometric data and compliance with privacy regulations.

4. **Single Sign-On (SSO)**:
   - **Risks**: If compromised, access to multiple services is at risk.
   - **Mitigation**: Strong security measures for the SSO provider and regular audits.

5. **",0.65,0.7,0.55,0.6
Compare the audit trail requirements for manual vs automated compliance decisions?,Manual: full written justification. Automated: algorithm documentation + decision logs.,multi_context,"[""[Context from knowledge base: Manual: full written justification. Automated: algorithm documentation + decisio...]""]","Audit trail requirements for manual vs. automated compliance decisions differ primarily in documentation, transparency, and traceability:

1. **Manual Compliance Decisions**:
   - **Documentation**: Requires detailed records of the decision-making process, including notes, rationale, and any discussions or consultations.
   - **Transparency**: Must clearly outline who made the decision, when, and the factors considered.
   - **Traceability**: Easier to trace individual actions but may rely on subjective interpretations and can be prone to human error.

2. **Automated Compliance Decisions**:
   - **Documentation**: Requires logs of algorithms used, decision criteria, and data inputs/outputs.
   - **Transparency**: Must provide clear explanations of how decisions are made (e.g., model interpretability) and ensure compliance with regulations like GDPR.
   - **Traceability**: Offers systematic tracking of decisions through automated logs, but may involve complex algorithms that can obscure understanding without proper tools.

In both cases, maintaining a robust",0.65,0.7,0.55,0.6
What is the escalation procedure for high-risk compliance findings?,"High-risk findings escalate to Compliance Director within 24h, then to Board Risk Committee.",simple,"[""[Context from knowledge base: High-risk findings escalate to Compliance Director within 24h, then to Board Ris...]""]","The escalation procedure for high-risk compliance findings typically involves the following steps:

1. **Identification**: Recognize and document the compliance finding, assessing its risk level.

2. **Initial Review**: Conduct a preliminary review to understand the implications and gather relevant information.

3. **Notification**: Inform immediate supervisors or compliance officers about the finding.

4. **Risk Assessment**: Evaluate the severity and potential impact of the finding on the organization.

5. **Escalation**: If deemed high-risk, escalate the finding to senior management or the compliance committee.

6. **Action Plan Development**: Collaborate with relevant stakeholders to develop a corrective action plan.

7. **Implementation**: Execute the action plan, ensuring that appropriate resources are allocated.

8. **Monitoring and Reporting**: Continuously monitor the implementation of corrective actions and report progress to senior management.

9. **Follow-Up Review**: Conduct follow-up assessments to ensure the issue has been resolved and compliance is maintained.

10.",0.7684,0.7783,0.6181,0.7032
How does customer segmentation affect risk assessment and monitoring frequency?,High-risk customers monitored monthly; low-risk customers quarterly.,reasoning,"[""[Context from knowledge base: High-risk customers monitored monthly; low-risk customers quarterly....]""]","Customer segmentation affects risk assessment and monitoring frequency by allowing organizations to categorize customers based on various criteria such as behavior, demographics, and risk profiles. This tailored approach enables:

1. **Targeted Risk Assessment**: High-risk segments can be identified and monitored more closely, while lower-risk segments may require less frequent assessments.

2. **Resource Allocation**: Organizations can allocate resources more efficiently, focusing on high-risk customers that pose greater potential threats.

3. **Customized Monitoring**: Different segments may have distinct monitoring needs, leading to varied frequencies of reviews and checks based on their risk levels.

4. **Improved Compliance**: Segmentation helps ensure that regulatory requirements are met by applying appropriate monitoring levels based on customer risk profiles.

Overall, effective customer segmentation enhances the precision and efficiency of risk management strategies.",0.6589,0.7346,0.6718,0.706
